BEGIN TRANSACTION;
DROP TABLE IF EXISTS "Z_AUTO_FOCUS";
CREATE TABLE IF NOT EXISTS "Z_AUTO_FOCUS" (
	"TYPE"	INTEGER,
	"HAND_NAME"	TEXT,
	"POS_X"	INTEGER,
	"POS_Y"	INTEGER,
	"POS_Z"	INTEGER
);
DROP TABLE IF EXISTS "CAM_CENTER_CAL";
CREATE TABLE IF NOT EXISTS "CAM_CENTER_CAL" (
	"HAND_NAME"	TEXT,
	"POS_X"	INTEGER,
	"POS_Y"	INTEGER,
	"POS_Z"	INTEGER
);
DROP TABLE IF EXISTS "VISION_AUTO_TEACHING_LOAD_TRAYPP";
CREATE TABLE IF NOT EXISTS "VISION_AUTO_TEACHING_LOAD_TRAYPP" (
	"PART_INT"	INTEGER,
	"PART_NAME"	TEXT,
	"POS_X"	INTEGER,
	"POS_Y"	INTEGER,
	"POS_Z"	INTEGER
);
DROP TABLE IF EXISTS "VISION_AUTO_TEACHING_UNLOAD_TRAYPP";
CREATE TABLE IF NOT EXISTS "VISION_AUTO_TEACHING_UNLOAD_TRAYPP" (
	"PART_INT"	INTEGER,
	"PART_NAME"	TEXT,
	"POS_X"	INTEGER,
	"POS_Y"	INTEGER,
	"POS_Z"	INTEGER
);
DROP TABLE IF EXISTS "VISION_AUTO_TEACHING_LOAD_TESTPP1";
CREATE TABLE IF NOT EXISTS "VISION_AUTO_TEACHING_LOAD_TESTPP1" (
	"PART_INT"	INTEGER,
	"PART_NAME"	TEXT,
	"POS_X"	INTEGER,
	"POS_Y"	INTEGER,
	"POS_Z"	INTEGER
);
DROP TABLE IF EXISTS "VISION_AUTO_TEACHING_UNLOAD_TESTPP1";
CREATE TABLE IF NOT EXISTS "VISION_AUTO_TEACHING_UNLOAD_TESTPP1" (
	"PART_INT"	INTEGER,
	"PART_NAME"	TEXT,
	"POS_X"	INTEGER,
	"POS_Y"	INTEGER,
	"POS_Z"	INTEGER
);
DROP TABLE IF EXISTS "VISION_AUTO_TEACHING_UNLOAD_TESTPP2";
CREATE TABLE IF NOT EXISTS "VISION_AUTO_TEACHING_UNLOAD_TESTPP2" (
	"PART_INT"	INTEGER,
	"PART_NAME"	TEXT,
	"POS_X"	INTEGER,
	"POS_Y"	INTEGER,
	"POS_Z"	INTEGER
);
DROP TABLE IF EXISTS "VISION_AUTO_TEACHING_LOAD_TESTPP2";
CREATE TABLE IF NOT EXISTS "VISION_AUTO_TEACHING_LOAD_TESTPP2" (
	"PART_INT"	INTEGER,
	"PART_NAME"	TEXT,
	"POS_X"	INTEGER,
	"POS_Y"	INTEGER,
	"POS_Z"	INTEGER
);
INSERT INTO "Z_AUTO_FOCUS" VALUES (0,'TRAY_PP_LD',-1671,-1556,25);
INSERT INTO "Z_AUTO_FOCUS" VALUES (0,'TRAY_PP_UD',-10000,14,26);
INSERT INTO "Z_AUTO_FOCUS" VALUES (0,'TEST_PP#1_LD',3,15,27);
INSERT INTO "Z_AUTO_FOCUS" VALUES (0,'TEST_PP#1_UD',4,16,28);
INSERT INTO "Z_AUTO_FOCUS" VALUES (0,'TEST_PP#2_LD',5,17,29);
INSERT INTO "Z_AUTO_FOCUS" VALUES (0,'TEST_PP#2_UD',6,18,30);
INSERT INTO "Z_AUTO_FOCUS" VALUES (1,'TRAY_PP_LD',7,19,31);
INSERT INTO "Z_AUTO_FOCUS" VALUES (1,'TRAY_PP_UD',8,20,32);
INSERT INTO "Z_AUTO_FOCUS" VALUES (1,'TEST_PP#1_LD',9,21,33);
INSERT INTO "Z_AUTO_FOCUS" VALUES (1,'TEST_PP#1_UD',10,22,34);
INSERT INTO "Z_AUTO_FOCUS" VALUES (1,'TEST_PP#2_LD',11,23,35);
INSERT INTO "Z_AUTO_FOCUS" VALUES (1,'TEST_PP#2_UD',12,24,36);
INSERT INTO "CAM_CENTER_CAL" VALUES ('TRAY_PP_LD',37,43,-100000);
INSERT INTO "CAM_CENTER_CAL" VALUES ('TRAY_PP_UD',38,44,50);
INSERT INTO "CAM_CENTER_CAL" VALUES ('TEST_PP#1_LD',39,45,51);
INSERT INTO "CAM_CENTER_CAL" VALUES ('TEST_PP#1_UD',40,46,52);
INSERT INTO "CAM_CENTER_CAL" VALUES ('TEST_PP#2_LD',41,47,53);
INSERT INTO "CAM_CENTER_CAL" VALUES ('TEST_PP#2_UD',42,48,54);
INSERT INTO "VISION_AUTO_TEACHING_LOAD_TRAYPP" VALUES (0,'LD_TBL1',0,0,0);
INSERT INTO "VISION_AUTO_TEACHING_LOAD_TRAYPP" VALUES (1,'LD_TBL2',244430,0,8500);
INSERT INTO "VISION_AUTO_TEACHING_LOAD_TRAYPP" VALUES (2,'LD_TBL3',791510,0,8500);
INSERT INTO "VISION_AUTO_TEACHING_LOAD_TRAYPP" VALUES (3,'LD_TBL4',0,0,0);
INSERT INTO "VISION_AUTO_TEACHING_LOAD_TRAYPP" VALUES (4,'C_TRAY1',0,0,0);
INSERT INTO "VISION_AUTO_TEACHING_LOAD_TRAYPP" VALUES (5,'C_TRAY2',0,0,0);
INSERT INTO "VISION_AUTO_TEACHING_LOAD_TRAYPP" VALUES (6,'C_TRAY3',0,0,0);
INSERT INTO "VISION_AUTO_TEACHING_LOAD_TRAYPP" VALUES (7,'C_TRAY4',0,0,0);
INSERT INTO "VISION_AUTO_TEACHING_LOAD_TRAYPP" VALUES (8,'C_TRAY5',0,0,0);
INSERT INTO "VISION_AUTO_TEACHING_LOAD_TRAYPP" VALUES (9,'C_TRAY6',0,0,0);
INSERT INTO "VISION_AUTO_TEACHING_LOAD_TRAYPP" VALUES (10,'C_TRAY7',0,0,0);
INSERT INTO "VISION_AUTO_TEACHING_LOAD_TRAYPP" VALUES (11,'TRAY_FEEDER',525871,0,8500);
INSERT INTO "VISION_AUTO_TEACHING_UNLOAD_TRAYPP" VALUES (0,'LD_TBL1',52160,-10033,4250);
INSERT INTO "VISION_AUTO_TEACHING_UNLOAD_TRAYPP" VALUES (1,'LD_TBL2',0,0,0);
INSERT INTO "VISION_AUTO_TEACHING_UNLOAD_TRAYPP" VALUES (2,'LD_TBL3',0,0,0);
INSERT INTO "VISION_AUTO_TEACHING_UNLOAD_TRAYPP" VALUES (3,'LD_TBL4',1074450,-9640,4250);
INSERT INTO "VISION_AUTO_TEACHING_UNLOAD_TRAYPP" VALUES (4,'C_TRAY1',0,0,0);
INSERT INTO "VISION_AUTO_TEACHING_UNLOAD_TRAYPP" VALUES (5,'C_TRAY2',0,0,0);
INSERT INTO "VISION_AUTO_TEACHING_UNLOAD_TRAYPP" VALUES (6,'C_TRAY3',0,0,0);
INSERT INTO "VISION_AUTO_TEACHING_UNLOAD_TRAYPP" VALUES (7,'C_TRAY4',759000,-116880,9250);
INSERT INTO "VISION_AUTO_TEACHING_UNLOAD_TRAYPP" VALUES (8,'C_TRAY5',948670,-116580,9250);
INSERT INTO "VISION_AUTO_TEACHING_UNLOAD_TRAYPP" VALUES (9,'C_TRAY6',1138400,-116630,9250);
INSERT INTO "VISION_AUTO_TEACHING_UNLOAD_TRAYPP" VALUES (10,'C_TRAY7',1328470,-116130,9250);
INSERT INTO "VISION_AUTO_TEACHING_UNLOAD_TRAYPP" VALUES (11,'TRAY_FEEDER',0,0,0);
INSERT INTO "VISION_AUTO_TEACHING_LOAD_TESTPP1" VALUES (1,'STATION2',-532350,-1012200,3500);
INSERT INTO "VISION_AUTO_TEACHING_LOAD_TESTPP1" VALUES (6,'LD_TBL_POS3',-532920,-671540,3500);
INSERT INTO "VISION_AUTO_TEACHING_LOAD_TESTPP1" VALUES (9,'UD_TBL_POS2',-533510,-331970,3500);
INSERT INTO "VISION_AUTO_TEACHING_LOAD_TESTPP1" VALUES (12,'CLEAN_TBL',-573420,-26340,3500);
INSERT INTO "VISION_AUTO_TEACHING_LOAD_TESTPP1" VALUES (2,'STATION3',-12010,-890780,3500);
INSERT INTO "VISION_AUTO_TEACHING_LOAD_TESTPP1" VALUES (4,'LD_TBL_POS1',-11690,-689040,3500);
INSERT INTO "VISION_AUTO_TEACHING_LOAD_TESTPP1" VALUES (7,'LD_TBL_POS4',-11710,-349670,3500);
INSERT INTO "VISION_AUTO_TEACHING_LOAD_TESTPP1" VALUES (10,'UD_TBL_POS3',-11200,-147200,3500);
INSERT INTO "VISION_AUTO_TEACHING_LOAD_TESTPP1" VALUES (3,'STATION4',-249210,-889870,3500);
INSERT INTO "VISION_AUTO_TEACHING_LOAD_TESTPP1" VALUES (5,'LD_TBL_POS2',-249111,-688530,3500);
INSERT INTO "VISION_AUTO_TEACHING_LOAD_TESTPP1" VALUES (8,'UD_TBL_POS1',-249030,-348390,3500);
INSERT INTO "VISION_AUTO_TEACHING_LOAD_TESTPP1" VALUES (11,'UD_TBL_POS4',-248243,-146840,3500);
INSERT INTO "VISION_AUTO_TEACHING_LOAD_TESTPP1" VALUES (0,'STATION1',-386355,-1242900,3500);
INSERT INTO "VISION_AUTO_TEACHING_UNLOAD_TESTPP1" VALUES (0,'STATION1',-531430,-1218430,3000);
INSERT INTO "VISION_AUTO_TEACHING_UNLOAD_TESTPP1" VALUES (1,'STATION2',-532040,-878980,3000);
INSERT INTO "VISION_AUTO_TEACHING_UNLOAD_TESTPP1" VALUES (2,'STATION3',-532650,-538260,3000);
INSERT INTO "VISION_AUTO_TEACHING_UNLOAD_TESTPP1" VALUES (3,'STATION4',-532650,-198470,3000);
INSERT INTO "VISION_AUTO_TEACHING_UNLOAD_TESTPP1" VALUES (4,'LD_TBL_POS1',0,0,0);
INSERT INTO "VISION_AUTO_TEACHING_UNLOAD_TESTPP1" VALUES (5,'LD_TBL_POS2',0,0,0);
INSERT INTO "VISION_AUTO_TEACHING_UNLOAD_TESTPP1" VALUES (6,'LD_TBL_POS3',-10420,-557340,3000);
INSERT INTO "VISION_AUTO_TEACHING_UNLOAD_TESTPP1" VALUES (7,'LD_TBL_POS4',0,0,0);
INSERT INTO "VISION_AUTO_TEACHING_UNLOAD_TESTPP1" VALUES (8,'UD_TBL_POS1',-248200,-1097390,3000);
INSERT INTO "VISION_AUTO_TEACHING_UNLOAD_TESTPP1" VALUES (9,'UD_TBL_POS2',-248331,-896480,3000);
INSERT INTO "VISION_AUTO_TEACHING_UNLOAD_TESTPP1" VALUES (10,'UD_TBL_POS3',-247940,-555760,3000);
INSERT INTO "VISION_AUTO_TEACHING_UNLOAD_TESTPP1" VALUES (11,'UD_TBL_POS4',-247720,-354330,3000);
INSERT INTO "VISION_AUTO_TEACHING_UNLOAD_TESTPP1" VALUES (12,'CLEAN_TBL',0,0,0);
INSERT INTO "VISION_AUTO_TEACHING_UNLOAD_TESTPP2" VALUES (0,'STATION1',571900,-1211510,2970);
INSERT INTO "VISION_AUTO_TEACHING_UNLOAD_TESTPP2" VALUES (1,'STATION2',531830,-907622,2930);
INSERT INTO "VISION_AUTO_TEACHING_UNLOAD_TESTPP2" VALUES (2,'STATION3',531530,-568735,2930);
INSERT INTO "VISION_AUTO_TEACHING_UNLOAD_TESTPP2" VALUES (3,'STATION4',531760,-229890,2930);
INSERT INTO "VISION_AUTO_TEACHING_UNLOAD_TESTPP2" VALUES (4,'LD_TBL_POS1',0,0,0);
INSERT INTO "VISION_AUTO_TEACHING_UNLOAD_TESTPP2" VALUES (5,'LD_TBL_POS2',0,0,0);
INSERT INTO "VISION_AUTO_TEACHING_UNLOAD_TESTPP2" VALUES (6,'LD_TBL_POS3',11631,-553590,2930);
INSERT INTO "VISION_AUTO_TEACHING_UNLOAD_TESTPP2" VALUES (7,'LD_TBL_POS4',0,0,0);
INSERT INTO "VISION_AUTO_TEACHING_UNLOAD_TESTPP2" VALUES (8,'UD_TBL_POS1',248940,-1090650,2930);
INSERT INTO "VISION_AUTO_TEACHING_UNLOAD_TESTPP2" VALUES (9,'UD_TBL_POS2',249100,-890122,2930);
INSERT INTO "VISION_AUTO_TEACHING_UNLOAD_TESTPP2" VALUES (10,'UD_TBL_POS3',248700,-551236,2930);
INSERT INTO "VISION_AUTO_TEACHING_UNLOAD_TESTPP2" VALUES (11,'UD_TBL_POS4',249200,-351700,2930);
INSERT INTO "VISION_AUTO_TEACHING_UNLOAD_TESTPP2" VALUES (12,'CLEAN_TBL',0,0,0);
INSERT INTO "VISION_AUTO_TEACHING_LOAD_TESTPP2" VALUES (0,'STATION5',528890,-1041130,3500);
INSERT INTO "VISION_AUTO_TEACHING_LOAD_TESTPP2" VALUES (1,'STATION6',528680,-702200,3470);
INSERT INTO "VISION_AUTO_TEACHING_LOAD_TESTPP2" VALUES (2,'STATION7',528680,-363340,3470);
INSERT INTO "VISION_AUTO_TEACHING_LOAD_TESTPP2" VALUES (3,'STATION8',528180,-24520,3470);
INSERT INTO "VISION_AUTO_TEACHING_LOAD_TESTPP2" VALUES (4,'LD_TBL_POS1',8871,-886100,3470);
INSERT INTO "VISION_AUTO_TEACHING_LOAD_TESTPP2" VALUES (5,'LD_TBL_POS2',8640,-684700,3470);
INSERT INTO "VISION_AUTO_TEACHING_LOAD_TESTPP2" VALUES (6,'LD_TBL_POS3',8420,-345840,3470);
INSERT INTO "VISION_AUTO_TEACHING_LOAD_TESTPP2" VALUES (7,'LD_TBL_POS4',8520,-144950,3470);
INSERT INTO "VISION_AUTO_TEACHING_LOAD_TESTPP2" VALUES (8,'UD_TBL_POS1',245930,-883660,3470);
INSERT INTO "VISION_AUTO_TEACHING_LOAD_TESTPP2" VALUES (9,'UD_TBL_POS2',245830,-682710,3470);
INSERT INTO "VISION_AUTO_TEACHING_LOAD_TESTPP2" VALUES (10,'UD_TBL_POS3',246130,-343710,3470);
INSERT INTO "VISION_AUTO_TEACHING_LOAD_TESTPP2" VALUES (11,'UD_TBL_POS4',246080,-144300,3470);
INSERT INTO "VISION_AUTO_TEACHING_LOAD_TESTPP2" VALUES (12,'CLEAN_TBL',382470,-1237478,3470);
COMMIT;
